comparison_method,auc,auprc,acc,precision,recall,f1,specificity,brier,threshold,fold,best_val_auc,selected_params,best_epoch
RCCR-MoE,0.9944444444444445,0.997076023391813,0.9642857142857143,1.0,0.9444444444444444,0.9714285714285714,1.0,0.06561366468667984,0.05,0,,,
RCCR-MoE,1.0,1.0,0.9642857142857143,0.9473684210526315,1.0,0.972972972972973,0.9,0.0003355590451974422,0.05,1,,,
RCCR-MoE,1.0,1.0,1.0,1.0,1.0,1.0,1.0,0.001535742194391787,0.42999999999999994,2,,,
RCCR-MoE,0.9722222222222222,0.9835457038565916,0.9642857142857143,0.9473684210526315,1.0,0.972972972972973,0.9,0.08807071298360825,0.245,3,,,
RCCR-MoE,1.0,1.0,1.0,1.0,1.0,1.0,1.0,0.06742821633815765,0.05,4,,,
Elastic Net,0.9777777777777776,0.98989898989899,0.8571428571428571,0.85,0.9444444444444444,0.8947368421052632,0.7,0.0667674094438552,0.2599999999999999,0,1.0,"{""C"": 0.1, ""l1_ratio"": 0.2}",
Elastic Net,1.0,1.0,0.9285714285714286,0.9,1.0,0.9473684210526316,0.8,0.0164567735046148,0.185,1,0.9833333333333334,"{""C"": 1.0, ""l1_ratio"": 0.5}",
Elastic Net,1.0,1.0,0.9642857142857144,0.9473684210526316,1.0,0.972972972972973,0.9,0.0351364202797412,0.245,2,1.0,"{""C"": 0.1, ""l1_ratio"": 0.2}",
Elastic Net,0.95,0.9680427370378352,0.9285714285714286,0.9,1.0,0.9473684210526316,0.8,0.0808074623346328,0.2649999999999999,3,1.0,"{""C"": 0.1, ""l1_ratio"": 0.2}",
Elastic Net,0.9938271604938272,0.9970760233918128,0.925925925925926,0.9,1.0,0.9473684210526316,0.7777777777777778,0.0727509111166,0.2549999999999999,4,1.0,"{""C"": 0.1, ""l1_ratio"": 0.2}",
Random Forest,0.977777777777778,0.988090050835149,0.9285714285714286,0.9444444444444444,0.9444444444444444,0.9444444444444444,0.9,0.0931657142857143,0.5599999999999999,0,0.975,"{""max_features"": ""sqrt"", ""min_samples_leaf"": 1, ""n_estimators"": 500}",
Random Forest,0.9944444444444444,0.997076023391813,0.9642857142857144,1.0,0.9444444444444444,0.9714285714285714,1.0,0.0754112857142857,0.6649999999999999,1,0.9583333333333331,"{""max_features"": ""sqrt"", ""min_samples_leaf"": 1, ""n_estimators"": 500}",
Random Forest,0.9944444444444444,0.9970760233918128,0.9642857142857144,0.9473684210526316,1.0,0.972972972972973,0.9,0.0603308571428571,0.5149999999999999,2,0.9833333333333334,"{""max_features"": ""sqrt"", ""min_samples_leaf"": 1, ""n_estimators"": 500}",
Random Forest,0.9555555555555556,0.9726723666674648,0.8928571428571429,0.9411764705882352,0.8888888888888888,0.9142857142857144,0.9,0.0968618571428571,0.595,3,1.0,"{""max_features"": ""sqrt"", ""min_samples_leaf"": 1, ""n_estimators"": 500}",
Random Forest,0.9876543209876544,0.9939896036387266,0.9629629629629628,0.9473684210526316,1.0,0.972972972972973,0.8888888888888888,0.0836361481481481,0.4549999999999999,4,1.0,"{""max_features"": ""sqrt"", ""min_samples_leaf"": 1, ""n_estimators"": 500}",
XGBoost,0.9888888888888888,0.9944444444444446,0.9285714285714286,1.0,0.8888888888888888,0.9411764705882352,1.0,0.0351752899587154,0.815,0,0.975,"{""colsample_bytree"": 0.8, ""learning_rate"": 0.03, ""max_depth"": 2, ""n_estimators"": 300, ""subsample"": 0.8}",
XGBoost,0.9888888888888888,0.9939896036387266,0.9285714285714286,0.9444444444444444,0.9444444444444444,0.9444444444444444,0.9,0.0498825050890445,0.8699999999999999,1,0.9833333333333334,"{""colsample_bytree"": 0.8, ""learning_rate"": 0.02, ""max_depth"": 2, ""n_estimators"": 500, ""subsample"": 0.9}",
XGBoost,0.9888888888888888,0.9939896036387266,0.9285714285714286,0.9444444444444444,0.9444444444444444,0.9444444444444444,0.9,0.0381366312503814,0.4649999999999999,2,0.95,"{""colsample_bytree"": 0.8, ""learning_rate"": 0.02, ""max_depth"": 2, ""n_estimators"": 500, ""subsample"": 0.9}",
XGBoost,0.9722222222222224,0.9846178286129268,0.9285714285714286,0.9,1.0,0.9473684210526316,0.8,0.0876234248280525,0.565,3,1.0,"{""colsample_bytree"": 0.8, ""learning_rate"": 0.03, ""max_depth"": 2, ""n_estimators"": 300, ""subsample"": 0.8}",
XGBoost,0.9814814814814816,0.992063492063492,0.9629629629629628,1.0,0.9444444444444444,0.9714285714285714,1.0,0.0455769635736942,0.4399999999999999,4,1.0,"{""colsample_bytree"": 0.8, ""learning_rate"": 0.03, ""max_depth"": 2, ""n_estimators"": 300, ""subsample"": 0.8}",
Early MLP,0.9222222222222224,0.9546588986539968,0.8571428571428571,0.85,0.9444444444444444,0.8947368421052632,0.7,0.1068010702729225,0.19,0,1.0,,1.0
Early MLP,0.9944444444444444,0.997076023391813,0.9642857142857144,0.9473684210526316,1.0,0.972972972972973,0.9,0.0610150881111621,0.3199999999999999,1,0.925,,0.0
Early MLP,1.0,1.0,0.9642857142857144,1.0,0.9444444444444444,0.9714285714285714,1.0,0.0151687441393733,0.74,2,0.9916666666666668,,2.0
Early MLP,0.9,0.8584589079364621,0.9285714285714286,0.9444444444444444,0.9444444444444444,0.9444444444444444,0.9,0.0743143483996391,0.05,3,1.0,,17.0
Early MLP,0.9691358024691358,0.9835457038565916,0.8888888888888888,0.8571428571428571,1.0,0.9230769230769232,0.6666666666666666,0.0795071199536323,0.1099999999999999,4,1.0,,1.0
Late MLP,0.9333333333333332,0.9643390333341316,0.8214285714285714,0.8095238095238095,0.9444444444444444,0.8717948717948718,0.6,0.1303684413433075,0.3599999999999999,0,1.0,,1.0
Late MLP,0.9944444444444444,0.997076023391813,0.9285714285714286,0.9444444444444444,0.9444444444444444,0.9444444444444444,0.9,0.0461764819920063,0.6549999999999999,1,1.0,,4.0
Late MLP,1.0,1.0,0.9642857142857144,1.0,0.9444444444444444,0.9714285714285714,1.0,0.108064629137516,0.4849999999999999,2,1.0,,0.0
Late MLP,0.9444444444444444,0.9656617846568828,0.8928571428571429,0.9411764705882352,0.8888888888888888,0.9142857142857144,0.9,0.1025728434324264,0.5299999999999999,3,1.0,,3.0
Late MLP,0.9876543209876544,0.9944444444444444,0.925925925925926,0.9,1.0,0.9473684210526316,0.7777777777777778,0.0668457150459289,0.3249999999999999,4,1.0,,4.0
GMU adapted,0.9666666666666668,0.9848362855609234,0.8571428571428571,0.85,0.9444444444444444,0.8947368421052632,0.7,0.0898580700159072,0.295,0,1.0,,2.0
GMU adapted,0.9888888888888888,0.9939896036387266,0.9285714285714286,0.9444444444444444,0.9444444444444444,0.9444444444444444,0.9,0.0412267856299877,0.7899999999999999,1,0.9666666666666668,,4.0
GMU adapted,1.0,1.0,0.9642857142857144,1.0,0.9444444444444444,0.9714285714285714,1.0,0.1171017736196518,0.3749999999999999,2,0.9833333333333334,,0.0
GMU adapted,0.9277777777777776,0.9575100054266722,0.8214285714285714,0.782608695652174,1.0,0.8780487804878049,0.5,0.1032595634460449,0.18,3,0.975,,3.0
GMU adapted,0.9938271604938272,0.9970760233918128,0.9629629629629628,0.9473684210526316,1.0,0.972972972972973,0.8888888888888888,0.0832072794437408,0.3549999999999999,4,0.9916666666666668,,1.0
TFN adapted,0.9333333333333332,0.9669458709409692,0.9285714285714286,0.9444444444444444,0.9444444444444444,0.9444444444444444,0.9,0.0746918767690658,0.705,0,1.0,,2.0
TFN adapted,0.9944444444444444,0.997076023391813,0.9642857142857144,1.0,0.9444444444444444,0.9714285714285714,1.0,0.0457110926508903,0.93,1,0.9833333333333334,,3.0
TFN adapted,1.0,1.0,1.0,1.0,1.0,1.0,1.0,1.6635483916616067e-05,0.08,2,0.9833333333333334,,5.0
TFN adapted,0.9166666666666669,0.9489697145914896,0.7857142857142857,0.875,0.7777777777777778,0.8235294117647058,0.8,0.1504990309476852,0.5099999999999999,3,1.0,,0.0
TFN adapted,1.0,1.0,1.0,1.0,1.0,1.0,1.0,0.0191230252385139,0.93,4,0.9666666666666668,,12.0
LMF adapted,0.9055555555555556,0.9502800556615564,0.8571428571428571,0.8888888888888888,0.8888888888888888,0.8888888888888888,0.8,0.1347485035657882,0.4749999999999999,0,0.9916666666666668,,1.0
LMF adapted,0.9944444444444444,0.997076023391813,0.9285714285714286,0.9444444444444444,0.9444444444444444,0.9444444444444444,0.9,0.0416458621621131,0.845,1,0.975,,4.0
LMF adapted,1.0,1.0,1.0,1.0,1.0,1.0,1.0,0.012408398091793,0.6649999999999999,2,1.0,,3.0
LMF adapted,0.8111111111111111,0.845437595218297,0.8214285714285714,0.8095238095238095,0.9444444444444444,0.8717948717948718,0.6,0.1945021897554397,0.4499999999999999,3,1.0,,0.0
LMF adapted,0.9938271604938272,0.9970760233918128,0.925925925925926,0.9,1.0,0.9473684210526316,0.7777777777777778,0.0469139665365219,0.05,4,0.975,,6.0
MulT adapted,0.9833333333333334,0.9907216297825174,0.9285714285714286,0.9444444444444444,0.9444444444444444,0.9444444444444444,0.9,0.0742319151759147,0.2649999999999999,0,1.0,,7.0
MulT adapted,1.0,1.0,0.9642857142857144,1.0,0.9444444444444444,0.9714285714285714,1.0,0.0244883801788091,0.915,1,0.9833333333333334,,9.0
MulT adapted,1.0,1.0,0.9642857142857144,1.0,0.9444444444444444,0.9714285714285714,1.0,0.0205853395164012,0.5499999999999999,2,1.0,,10.0
MulT adapted,0.9555555555555556,0.9706743159852036,0.9642857142857144,0.9473684210526316,1.0,0.972972972972973,0.9,0.0612373277544975,0.3199999999999999,3,1.0,,7.0
MulT adapted,0.9876543209876544,0.9944444444444444,0.925925925925926,0.9,1.0,0.9473684210526316,0.7777777777777778,0.0398957915604114,0.1149999999999999,4,1.0,,8.0
DIABLO,0.9222222222222224,0.962757361398666,0.7857142857142857,0.8333333333333334,0.8333333333333334,0.8333333333333334,0.7,0.124873987126437,0.63,0,,,
DIABLO,0.9777777777777776,0.98989898989899,0.8571428571428571,1.0,0.7777777777777778,0.875,1.0,0.1105175513605027,0.84,1,,,
DIABLO,0.9888888888888888,0.9944444444444446,0.9642857142857144,1.0,0.9444444444444444,0.9714285714285714,1.0,0.0663668644738557,0.52,2,,,
DIABLO,0.9055555555555556,0.9390756986819156,0.8214285714285714,0.782608695652174,1.0,0.8780487804878049,0.5,0.1312113408400288,0.245,3,,,
DIABLO,0.9876543209876544,0.9939896036387266,0.925925925925926,1.0,0.8888888888888888,0.9411764705882352,1.0,0.0717833987175612,0.57,4,,,
MOGONET,0.7333333333333333,0.8117766801100135,0.6785714285714286,0.6666666666666666,1.0,0.8,0.1,0.2493670309349987,0.2049999999999999,0,0.9333333333333332,,50.0
MOGONET,0.9777777777777776,0.98989898989899,0.8571428571428571,0.85,0.9444444444444444,0.8947368421052632,0.7,0.1858205169019624,0.4649999999999999,1,0.9833333333333334,,105.0
MOGONET,0.8833333333333333,0.9281749196222882,0.8214285714285714,0.8421052631578947,0.8888888888888888,0.8648648648648649,0.7,0.169211872207925,0.585,2,0.9166666666666669,,65.0
MOGONET,0.7277777777777777,0.750941745207741,0.8214285714285714,0.8095238095238095,0.9444444444444444,0.8717948717948718,0.6,0.1954147940503437,0.5299999999999999,3,0.975,,160.0
MOGONET,0.9876543209876544,0.9944444444444444,0.8518518518518519,1.0,0.7777777777777778,0.875,1.0,0.1865684899611544,0.59,4,0.95,,60.0
Flexynesis,0.9555555555555556,0.978096089482492,0.8214285714285714,0.8095238095238095,0.9444444444444444,0.8717948717948718,0.6,0.2033412456512451,0.4249999999999999,0,1.0,"{""hidden_dim_factor"": 0.25, ""latent_dim"": 32, ""lr"": 0.0003, ""supervisor_hidden_dim"": 16}",1.0
Flexynesis,1.0,1.0,1.0,1.0,1.0,1.0,1.0,0.0364332273602485,0.6399999999999999,1,1.0,"{""hidden_dim_factor"": 0.25, ""latent_dim"": 32, ""lr"": 0.0003, ""supervisor_hidden_dim"": 16}",31.0
Flexynesis,0.9944444444444444,0.997076023391813,0.9642857142857144,1.0,0.9444444444444444,0.9714285714285714,1.0,0.1962467730045318,0.4949999999999999,2,1.0,"{""hidden_dim_factor"": 0.25, ""latent_dim"": 32, ""lr"": 0.0003, ""supervisor_hidden_dim"": 16}",2.0
Flexynesis,0.9333333333333332,0.9512638369256018,0.8928571428571429,0.8947368421052632,0.9444444444444444,0.918918918918919,0.8,0.1332389563322067,0.4999999999999999,3,1.0,"{""hidden_dim_factor"": 0.25, ""latent_dim"": 32, ""lr"": 0.0003, ""supervisor_hidden_dim"": 16}",5.0
Flexynesis,0.9814814814814814,0.9907216297825174,0.9629629629629628,0.9473684210526316,1.0,0.972972972972973,0.8888888888888888,0.1260966658592224,0.3399999999999999,4,1.0,"{""hidden_dim_factor"": 0.25, ""latent_dim"": 32, ""lr"": 0.0003, ""supervisor_hidden_dim"": 16}",11.0
