modality,condition,d_rel_mean,d_rel_std,d_gate_mean,d_gate_std,d_conflict_gate_mean,d_conflict_gate_std,d_js_mean,d_js_std
metabolome,noise05,-0.00023948331531,0.0055190709761017,2.2732257414207183e-05,0.0003375131819999,1.3026348549685032e-05,0.0004183686497838,9.69464034817798e-05,0.0027136636735305
metabolome,noise10,0.00081961660934,0.009904185857468,4.4723664470713774e-05,0.0007448279535015,-4.788535050779796e-05,0.0011427150454262,-0.0005492923331946,0.0054529853971886
metabolome,noise20,-0.0013997155985386,0.0184093835785633,7.72053014031417e-05,0.001609300639778,-4.437819069666828e-05,0.0020063640432438,-0.0001550499163379,0.0083108191093157
metabolome,zero,-0.5213187358362211,0.2954894361390044,-0.0052850039260421,0.0102230642788841,-0.0044014048126104,0.0147762256707546,-0.0038456878997657,0.0794670110245852
sers,noise05,0.0001896124520747,0.0054430139695791,-3.728310731675127e-05,0.0004061021566276,-1.735694492034775e-05,0.0004738628989589,-0.0001558511429583,0.0007868838754294
sers,noise10,-0.0020054589501387,0.0117499748618259,7.68485311552775e-05,0.0009069993293767,5.01480355537195e-06,0.0010184312316558,-0.0001206424464379,0.0041132429674475
sers,noise20,-0.0024314758588941,0.0238552140849362,3.925566193011167e-05,0.0016909790970774,-0.0004119405643545,0.0022672383603623,-0.0004018694528783,0.0068912621946933
sers,zero,-0.6096487915773185,0.3078411010432207,-0.0089747604223892,0.0112691240312164,-0.0092719891946092,0.0201725286441805,0.0019105771033465,0.0540197243545161
transcriptome,noise05,0.0001799905900474,0.0042252943140702,4.0559567135872604e-06,0.0002678038692706,2.888332811190928e-05,0.0004368083724619,-7.211097906403941e-05,0.0008926116954856
transcriptome,noise10,0.000655710697174,0.0088783626209201,1.0319000525440244e-05,0.0005737471098428,-1.9869144014317357e-05,0.0006109330258976,0.0001570624653723,0.0010281608978044
transcriptome,noise20,-0.0010323738880294,0.0171412326633634,1.9144052438598743e-05,0.000974008393217,-8.574938870591226e-05,0.0015496084310976,-0.000280560685758,0.0015873552830122
transcriptome,zero,-0.5390085207043792,0.2861865902994879,-0.0050119061907418,0.0112250299693686,-0.0120297883965557,0.0206782792136782,0.0085960114374756,0.0506893049391431
