pathway_id,pathway_name,n_genes,n_compounds,t_transcript,t_metabolite,joint_min_abs_t,same_direction,perm_p,perm_q,maxT_fwer_p
hsa00590,Arachidonic acid metabolism,27,7,5.0134063,2.7704573,2.7704573,True,0.0001999600079984003,0.004999000199960008,0.0005998800239952009
hsa04726,Serotonergic synapse,48,8,3.9319618,2.3404043,2.3404043,True,0.0001999600079984003,0.004999000199960008,0.007798440311937612
hsa00600,Sphingolipid metabolism,41,4,2.3016403,1.8537545,1.8537545,True,0.0009998000399920016,0.016663333999866695,0.06978604279144171
hsa04080,Neuroactive ligand-receptor interaction,86,10,4.307746,1.8080646,1.8080646,True,0.0015996800639872025,0.01999600079984003,0.08478304339132174
hsa00020,Citrate cycle (TCA cycle),26,4,-3.1796665,-1.8327298,1.8327298,True,0.0023995200959808036,0.023995200959808036,0.07718456308738253
hsa04913,Ovarian steroidogenesis,20,3,1.5423269,3.1056867,1.5423269,True,0.008198360327934412,0.06831966939945343,0.21755648870225955
hsa00250,"Alanine, aspartate and glutamate metabolism",18,7,-1.7533159,-1.3062928,1.3062928,True,0.01199760047990402,0.08569714628502871,0.41831633673265345
hsa00140,Steroid hormone biosynthesis,12,13,3.4829044,1.1838195,1.1838195,True,0.028794241151769647,0.1799640071985603,0.5460907818436312
hsa00630,Glyoxylate and dicarboxylate metabolism,22,5,-1.1305825,-1.9191473,1.1305825,True,0.03839232153569286,0.21329067519829364,0.6014797040591882
hsa00620,Pyruvate metabolism,34,3,-0.79795736,-1.2880743,0.79795736,True,0.07898420315936813,0.3949210157968407,0.9048190361927615
hsa04973,Carbohydrate digestion and absorption,24,3,1.6904461,0.80707216,0.80707216,True,0.09658068386322735,0.43900310846921525,0.8988202359528095
hsa01210,2-Oxocarboxylic acid metabolism,22,13,-1.1064471,-0.7802131,0.7802131,True,0.10817836432713457,0.450743184696394,0.914617076584683
hsa05200,Pathways in cancer,325,3,0.7108836,1.0603068,0.7108836,True,0.1221755648870226,0.4699060187962407,0.9502099580083984
hsa00280,"Valine, leucine and isoleucine degradation",39,3,-0.5209261,-1.6344904,0.5209261,True,0.22195560887822435,0.7245609701589094,0.993001399720056
hsa05215,Prostate cancer,76,3,0.46209317,1.0603068,0.46209317,True,0.2349530093981204,0.7245609701589094,0.9966006798640272
hsa00350,Tyrosine metabolism,10,12,-0.76914483,-0.3902254,0.3902254,True,0.2375524895020996,0.7245609701589094,0.999000199960008
hsa04974,Protein digestion and absorption,24,11,-0.32498658,-0.9182532,0.32498658,True,0.2463507298540292,0.7245609701589094,0.9998000399920016
hsa04976,Bile secretion,26,14,-1.1267,-0.3388943,0.3388943,True,0.27874425114977003,0.7408518296340731,0.9998000399920016
hsa05204,Chemical carcinogenesis - DNA adducts,16,3,1.8235811,0.4017541,0.4017541,True,0.28434313137372524,0.7408518296340731,0.9984003199360127
hsa00061,Fatty acid biosynthesis,13,3,-0.30334386,-1.3030506,0.30334386,True,0.29634073185362925,0.7408518296340731,0.9998000399920016
hsa00650,Butanoate metabolism,12,3,-0.20889679,-1.4751613,0.20889679,True,0.32953409318136373,0.7846049837651518,0.9998000399920016
hsa00260,"Glycine, serine and threonine metabolism",14,10,1.127079,0.101448916,0.101448916,True,0.4149170165966807,0.9429932195379106,1.0
hsa00330,Arginine and proline metabolism,27,13,1.3185732,0.054436963,0.054436963,True,0.46070785842831435,0.964390455242285,1.0
hsa01040,Biosynthesis of unsaturated fatty acids,20,9,0.015964003,1.952413,0.015964003,True,0.46290741851629674,0.964390455242285,1.0
hsa04977,Vitamin digestion and absorption,12,7,0.70795214,0.031507596,0.031507596,True,0.5206958608278345,1.0,1.0
hsa00860,Porphyrin metabolism,23,6,0.8239366,0.013359792,0.013359792,True,0.5302939412117577,1.0,1.0
hsa00030,Pentose phosphate pathway,24,4,2.0060098,-0.6188828,0.0,False,1.0,1.0,1.0
hsa00220,Arginine biosynthesis,10,9,2.4498067,-0.63812494,0.0,False,1.0,1.0,1.0
hsa00230,Purine metabolism,80,7,0.58760154,-1.5907485,0.0,False,1.0,1.0,1.0
hsa00240,Pyrimidine metabolism,44,3,1.9712757,-0.73037314,0.0,False,1.0,1.0,1.0
hsa00270,Cysteine and methionine metabolism,35,8,0.4100119,-0.097230524,0.0,False,1.0,1.0,1.0
hsa00310,Lysine degradation,50,7,-0.7221111,0.8860304,0.0,False,1.0,1.0,1.0
hsa00340,Histidine metabolism,12,8,1.1790028,-0.04860327,0.0,False,1.0,1.0,1.0
hsa00380,Tryptophan metabolism,22,15,0.9111527,-0.18271443,0.0,False,1.0,1.0,1.0
hsa00410,beta-Alanine metabolism,19,5,3.4084067,-0.6191348,0.0,False,1.0,1.0,1.0
hsa00480,Glutathione metabolism,38,5,2.5937672,-0.22301835,0.0,False,1.0,1.0,1.0
hsa00564,Glycerophospholipid metabolism,70,4,6.1493015,-1.0318261,0.0,False,1.0,1.0,1.0
hsa00760,Nicotinate and nicotinamide metabolism,25,6,5.254846,-0.60209286,0.0,False,1.0,1.0,1.0
hsa00770,Pantothenate and CoA biosynthesis,15,4,5.759037,-0.25300685,0.0,False,1.0,1.0,1.0
hsa00970,Aminoacyl-tRNA biosynthesis,62,13,0.21968184,-0.5058009,0.0,False,1.0,1.0,1.0
hsa00980,Metabolism of xenobiotics by cytochrome P450,19,4,1.977812,-1.0082563,0.0,False,1.0,1.0,1.0
hsa01200,Carbon metabolism,86,3,0.1156057,-1.781285,0.0,False,1.0,1.0,1.0
hsa01230,Biosynthesis of amino acids,45,20,1.4054749,-0.80235034,0.0,False,1.0,1.0,1.0
hsa02010,ABC transporters,21,20,2.1712456,-0.37422043,0.0,False,1.0,1.0,1.0
hsa04216,Ferroptosis,34,3,-0.74781704,1.7576092,0.0,False,1.0,1.0,1.0
hsa04927,Cortisol synthesis and secretion,31,3,-2.5563142,1.5407524,0.0,False,1.0,1.0,1.0
hsa04934,Cushing syndrome,85,3,-2.0767303,1.5407524,0.0,False,1.0,1.0,1.0
hsa04978,Mineral absorption,25,8,0.22976606,-1.1378198,0.0,False,1.0,1.0,1.0
hsa05230,Central carbon metabolism in cancer,49,7,3.6255949,-1.1703198,0.0,False,1.0,1.0,1.0
hsa05231,Choline metabolism in cancer,72,3,4.1404667,-0.9532984,0.0,False,1.0,1.0,1.0
