method,roc_auc_fold_mean,roc_auc_fold_sd,auprc_fold_mean,auprc_fold_sd,accuracy_fold_mean,accuracy_fold_sd,f1_fold_mean,f1_fold_sd,specificity_fold_mean,specificity_fold_sd,oof_roc_auc,oof_auprc,delta_auc_rccr_minus_method,delta_auc_ci95_low,delta_auc_ci95_high,paired_bootstrap_p_raw,bootstrap_replicates,p_holm
RCCR-MoE,0.9933333333333334,0.012044157438154894,0.996124345449681,0.007144753491429308,0.9785714285714286,0.019561519910898783,0.9834749034749034,0.015098450538323092,0.96,0.0547722557505166,0.9920634920634921,0.9960186754285004,0.0,0.0,0.0,,10000,
Elastic Net,0.9843209876543211,0.02122954290242154,0.9910035500657276,0.01348300915225839,0.9208994708994709,0.03902004302936503,0.9419630156472263,0.028633826776867464,0.7955555555555556,0.07140564005804281,0.9841269841269842,0.9895093535120751,0.007936507936507908,-0.0043083900226758036,0.027891156462585,0.36276372362763726,10000,0.6983301669833016
Random Forest,0.9819753086419754,0.016269853218809926,0.9897808135849931,0.010243433513397602,0.9425925925925928,0.03172673575829645,0.9552209352209353,0.02590744210941021,0.9177777777777777,0.046214742984634266,0.9826530612244898,0.990010643030079,0.009410430839002282,-0.0009070294784581101,0.024149659863945572,0.0827917208279172,10000,0.24837516248375163
XGBoost,0.984074074074074,0.007360965523833865,0.9918209944796633,0.004130152075563856,0.9354497354497354,0.015380361749998465,0.9497724703916655,0.012302775082824638,0.9199999999999999,0.08366600265340753,0.9795918367346939,0.9883470309043749,0.012471655328798237,0.00022675736961452753,0.02947845804988669,0.0461953804619538,10000,0.23097690230976903
Early MLP,0.9571604938271605,0.04431909621466987,0.9587479067677727,0.05886491683164471,0.9206349206349206,0.047203877989564845,0.941331950805635,0.03324529540228989,0.8333333333333334,0.1433720877840438,0.9528344671201814,0.9416001149138183,0.03922902494331071,0.00589569160997738,0.08526077097505658,0.004199580041995801,10000,0.0287971202879712
Late MLP,0.9719753086419752,0.030770227317875345,0.9843042571654543,0.01773731728298843,0.9066137566137566,0.05391408475561297,0.9298644046012468,0.03827961059789917,0.8355555555555556,0.1534379675195915,0.9655328798185941,0.9800003230067673,0.026530612244897944,0.006122448979591799,0.05442176870748283,0.003999600039996,10000,0.0287971202879712
GMU adapted,0.9754320987654321,0.02945680047188674,0.9866823836036269,0.01727149273840716,0.9068783068783068,0.06458901387036348,0.9323263222878113,0.04383778492532538,0.7977777777777778,0.19866840665407556,0.9680272108843537,0.9802749417794187,0.024036281179138363,0.004308390022675801,0.05192743764172336,0.0035996400359964,10000,0.0287971202879712
TFN adapted,0.968888888888889,0.04055936055209768,0.9825983217848544,0.023404716898591978,0.9357142857142857,0.08892785427134811,0.9478804855275443,0.07325024889307004,0.9400000000000001,0.08944271909999157,0.9766439909297051,0.9870310884588961,0.015419501133786984,0.00022675736961452753,0.036513605442176876,0.047795220477952205,10000,0.23097690230976903
LMF adapted,0.9409876543209877,0.08254612175096775,0.9579739395326957,0.06623397980516471,0.9066137566137566,0.06942617547552124,0.9304993252361673,0.05120307071572541,0.8155555555555557,0.14940210056863656,0.953968253968254,0.9741441732326375,0.03809523809523807,0.01383219954648518,0.07074829931972781,0.00039996000399960006,10000,0.003999600039996
MulT adapted,0.9853086419753087,0.01820935341370363,0.991168078042433,0.012113359020482864,0.9494708994708997,0.020307571722778115,0.9615285962654385,0.01431233366877517,0.9155555555555555,0.09182646005064171,0.9863945578231292,0.9921351592703547,0.005668934240362855,-0.005668934240362855,0.019501133786848035,0.3491650834916508,10000,0.6983301669833016
MOGONET,0.8619753086419752,0.1267076618857429,0.8950473558566954,0.10917243429670635,0.806084656084656,0.07319848149158406,0.861279315753,0.03600781465972862,0.62,0.32710854467592254,0.8038548752834467,0.8316268816612585,0.1882086167800454,0.10929705215419494,0.27301587301587305,0.00019998000199980003,10000,0.0023997600239976003
DIABLO,0.9564197530864197,0.03950520832155923,0.9760332196125485,0.024473308304129266,0.8708994708994708,0.0735561542260673,0.8997974311675889,0.05556221256008444,0.8400000000000001,0.23021728866442676,0.9410430839002266,0.9645428393802752,0.051020408163265474,0.021088435374149728,0.0888888888888889,0.00019998000199980003,10000,0.0023997600239976003
Flexynesis,0.9729629629629629,0.028011363557317096,0.9834315159164848,0.0198561033195259,0.9283068783068782,0.07126549088587024,0.947023067023067,0.051294995344794245,0.857777777777778,0.1667407242871473,0.9662131519274376,0.9771332252151055,0.025850340136054473,0.0049886621315192725,0.056009070294784635,0.0011998800119988001,10000,0.010798920107989201
