mode,comparison,model_a,model_b,delta_auc_meanfold_a_minus_b,ci_low,ci_high,p_two_sided
snv,add_transcript_to_sers,sers_tran,sers,0.0146913580246913,-0.019753086419753,0.0509876543209876,0.382961703829617
snv,add_meta_to_sers,sers_meta,sers,-0.021358024691358,-0.0503703703703703,0.0022222222222222,0.0821917808219178
snv,add_sers_to_transcript,sers_tran,tran,0.004320987654321,-0.0158055555555555,0.0277777777777777,0.7159284071592841
snv,add_meta_to_transcript,tran_meta,tran,-0.0022222222222222,-0.0255555555555555,0.0211111111111111,0.8673132686731326
snv,add_meta_to_sers_tran,all3,sers_tran,0.0112345679012345,0.0,0.0288888888888888,0.080991900809919
snv,add_transcript_to_sers_meta,all3,sers_meta,0.0472839506172839,0.011358024691358,0.0911111111111111,0.008999100089991
snv,add_sers_to_tran_meta,all3,tran_meta,0.0177777777777777,0.0022222222222222,0.04,0.0143985601439856
l2,add_transcript_to_sers,sers_tran,sers,0.0088888888888889,-0.0248148148148148,0.0437067901234567,0.5897410258974103
l2,add_meta_to_sers,sers_meta,sers,-0.0419753086419752,-0.0808641975308642,-0.0072839506172839,0.0131986801319868
l2,add_sers_to_transcript,sers_tran,tran,0.0020987654320987,-0.0187685185185185,0.0244444444444444,0.8789121087891211
l2,add_meta_to_transcript,tran_meta,tran,-0.0022222222222222,-0.0255555555555555,0.0199999999999999,0.8889111088891111
l2,add_meta_to_sers_tran,all3,sers_tran,0.0090123456790123,0.0,0.0240833333333332,0.1213878612138786
l2,add_transcript_to_sers_meta,all3,sers_meta,0.0598765432098765,0.0128395061728395,0.1161759259259258,0.0113988601139886
l2,add_sers_to_tran_meta,all3,tran_meta,0.0133333333333333,-0.0011111111111111,0.0344444444444444,0.0921907809219078
