norm,condition,auc,sd
SNV,baseline,0.9933333333333334,0.012044157438154887
SNV,noise_0.05sd,0.9910555555555556,0.014298559685452251
SNV,shift_+2_index,0.971358024691358,0.028813344297958173
SNV,shift_-2_index,0.9704938271604938,0.0292425852369927
L2,baseline,0.9888888888888889,0.018839805508681293
L2,noise_0.05sd,0.9856666666666666,0.020258031219897662
L2,shift_+2_index,0.9565432098765433,0.0535253174658084
L2,shift_-2_index,0.9564197530864197,0.04683350866540444
RAW,noise_0.05sd,0.9836666666666667,0.022050684736393204
RAW,baseline,0.9833333333333334,0.02545875386086577
RAW,shift_-2_index,0.9706172839506173,0.028039235905967904
RAW,shift_+2_index,0.9695061728395062,0.028614290579393818
