mode,subset,auc_mean,auc_std,ap_mean,brier_mean,acc_mean
l2,all3,0.9888888888888888,0.0188398055086812,0.992965272553766,0.0562190808683901,0.9425925925925924
l2,meta,0.5557407407407408,0.1160817199495561,0.7212772451766858,0.3563707918416025,0.5825396825396825
l2,sers,0.9709876543209875,0.0232569459676352,0.9848011436543428,0.0871126215416879,0.9137566137566138
l2,sers_meta,0.9290123456790124,0.0735565771026332,0.9592334232388412,0.1226816174549742,0.8555555555555555
l2,sers_tran,0.9798765432098764,0.0226745796994803,0.9879696463571592,0.0596508787986391,0.9423280423280423
l2,tran,0.977777777777778,0.0496903994999953,0.9848727838304722,0.0616668311639745,0.914021164021164
l2,tran_meta,0.9755555555555556,0.0273861278752583,0.9854720724560768,0.0641591986329909,0.9354497354497354
snv,all3,0.9933333333333334,0.0120441574381548,0.996124345449681,0.0445967795527433,0.9785714285714284
snv,meta,0.5557407407407408,0.1160817199495561,0.7212772451766858,0.3563707918416025,0.5825396825396825
snv,sers,0.9674074074074074,0.0311419600141894,0.9834471905898636,0.1028630150254235,0.884920634920635
snv,sers_meta,0.9460493827160494,0.0388339804409053,0.9702660290603374,0.1006737475250704,0.8769841269841269
snv,sers_tran,0.9820987654320988,0.0226215829651958,0.9895072239774868,0.0371960514338732,0.9711640211640212
snv,tran,0.977777777777778,0.0496903994999953,0.9848727838304722,0.0616668311639745,0.914021164021164
snv,tran_meta,0.9755555555555556,0.0273861278752583,0.9854720724560768,0.0641591986329909,0.9354497354497354
